{
  "created": 1707725400.0,
  "duration": 45.23,
  "exitcode": 0,
  "root": "/Users/dunkinyeo/py-automation/super_easy_package",
  "environment": {
    "Python": "3.13.1",
    "Platform": "Darwin-24.3.0-arm64"
  },
  "summary": {
    "total": 8,
    "passed": 8,
    "failed": 0,
    "skipped": 0,
    "error": 0,
    "duration": 45.23
  },
  "tests": [
    {
      "nodeid": "tests/regression/test_regression.py::test_read_fw_version",
      "outcome": "passed",
      "duration": 3.2,
      "setup": {"duration": 0.5},
      "call": {
        "duration": 2.7,
        "stdout": "✅ FW Version: 2.2.6\n"
      }
    },
    {
      "nodeid": "tests/regression/test_regression.py::test_data_collection_workflow",
      "outcome": "passed",
      "duration": 35.8,
      "call": {
        "duration": 35.3,
        "stdout": "Target packets: 60\n패킷 수집 중... 진행률: 100%\n✅ Target reached: 62 >= 60\n패킷 모니터링 성공률: 103.33%\n"
      }
    }
  ]
}
